date,symbol,close,sma_20,sma_200,dist_20sma,dist_200sma,sma20_slope,atr_pct,vol_ratio,pullback_depth,confidence,label
2025-09-22 03:27:28.566312,DEMO_A,138.6116354329714,142.62382133591058,111.15723006565052,-0.028131246697489492,0.24698713121140256,-0.033423189385206345,0.024150737012273545,0.9757192944807702,0.084792283738754,2,1
2025-09-22 03:27:32.526047,DEMO_B,82.00246510217254,81.3738688475327,81.28066251336058,0.007724792535274551,0.008880372852439622,0.34416474419418397,0.01911991548134586,0.8495477069307875,0.04137493940418593,4,0
2025-09-22 03:27:36.199364,DEMO_C,104.9815104132249,107.73762110794857,108.9016202373387,-0.025581692507969586,-0.035996799823275125,0.042735739418249354,0.019633070240103075,1.2340259354565781,0.05902242618592775,3,0
2025-09-23 03:27:28.566312,DEMO_A,142.22804586241645,142.3350439940467,111.3537402763423,-0.0007517342786976506,0.277263300805654,-0.14661232960735335,0.024423707730537068,0.7429896420920724,0.060914297450970434,2,1
2025-09-23 03:27:32.526047,DEMO_B,80.81603272398533,81.61938752893502,81.19105831816239,-0.009842695825975082,-0.004619050446509174,0.3189073145693712,0.018915025790387174,1.0151354107504704,0.05524456892099924,2,0
2025-09-23 03:27:36.199364,DEMO_C,104.45631532818992,107.59951151823525,108.8825497303269,-0.0292119931186922,-0.04065145804446708,-0.02763405195470341,0.019633903569247102,1.0462800084788413,0.06372989129049758,1,0
2025-09-24 03:27:28.566312,DEMO_A,141.76710281930576,142.0751433833754,111.53795171804603,-0.0021681524067755213,0.27102121417537983,-0.2690382316876225,0.022912331869907123,0.9550958291864584,0.06395775501132683,2,1
2025-09-24 03:27:32.526047,DEMO_B,80.56821419323593,81.83061165899386,81.11344229873714,-0.015426958691432197,-0.006721797152846243,0.2753096477935145,0.019090502817481217,0.9909000232164634,0.058141616634874785,2,0
2025-09-24 03:27:36.199364,DEMO_C,103.55084685488983,107.52032416148465,108.86755565733172,-0.036918390430381066,-0.04883648549230414,-0.08969218888070572,0.019090437420418365,0.7099863430120869,0.07184584927031074,1,1
2025-09-25 03:27:28.566312,DEMO_A,144.18915205977,141.78904660256967,111.73522232491115,0.016927298086203805,0.2904538878571983,-0.2815799835093401,0.022591084010709934,0.8943441014205257,0.01876575476195471,3,0
2025-09-25 03:27:32.526047,DEMO_B,81.4464468910392,82.01701268193582,81.05362100628363,-0.006956676087548964,0.004846493961387773,0.23811986471884128,0.018835117345172122,0.7475775834985385,0.047874902431833344,4,0
2025-09-25 03:27:36.199364,DEMO_C,104.7895714199877,107.58475630824739,108.87609293384739,-0.025981235485174586,-0.0375336899381818,-0.08293979593161538,0.019461270355932786,0.8033963261496969,0.06074282711620342,1,0
2025-09-26 03:27:28.566312,DEMO_A,142.41059845528912,141.62725572871162,111.93332026895037,0.005531016770373649,0.2722806588164165,-0.25391286058749646,0.023301279225900876,0.9659054183237114,0.030869145889359302,3,1
2025-09-26 03:27:32.526047,DEMO_B,80.7861761163437,82.16504760010415,80.98968105718454,-0.01678172804659461,-0.0025127267842573043,0.19799826581436833,0.018223808384813214,1.1341964192327278,0.05559359857850997,2,0
2025-09-26 03:27:36.199364,DEMO_C,104.09996817941217,107.61879591014186,108.87059291407371,-0.03269714830918372,-0.04381922250048516,-0.025240560560128245,0.019483987970698544,0.8049305246509688,0.06692392683230479,1,0
2025-09-29 03:27:28.566312,DEMO_A,146.08396618326444,141.81929420164178,112.15142383411057,0.03007116912850413,0.3025600673545204,-0.14793872394736526,0.02397142221783036,1.044225150533936,0.006941744480829623,3,1
2025-09-29 03:27:32.526047,DEMO_B,79.49081971217987,82.25773521244325,80.93639222480184,-0.0336371466235655,-0.0178605998227209,0.16111313081267442,0.01889372880599808,0.8617305153190904,0.07073657153532935,2,0
2025-09-29 03:27:36.199364,DEMO_C,103.77650895056624,107.5880676121147,108.87447160898388,-0.03542733637795414,-0.04682422410945579,0.007558393641610906,0.017991640569552384,1.0284402192863695,0.06982317908338381,2,1
2025-09-30 03:27:28.566312,DEMO_A,151.37061848279998,142.34827741408537,112.38694411496358,0.0633821584118576,0.34687013402516725,0.05765156604920492,0.025001073568665353,0.9927009159900363,0.0022055580529733573,4,0
2025-09-30 03:27:32.526047,DEMO_B,77.23909846613087,82.1290897384417,80.86072604964801,-0.059540307677634054,-0.044788462340710135,0.08376786894031199,0.02203570439473175,1.0849641995473782,0.09705963893640213,2,0
2025-09-30 03:27:36.199364,DEMO_C,106.08863217275503,107.5297589154299,108.89242408712376,-0.013402120094106103,-0.02574827347149003,0.0022180811757792187,0.019368463932123426,0.9580693203743565,0.04909899544942167,3,0
2025-10-01 03:27:28.566312,DEMO_A,153.18112909159555,142.9943964756706,112.61598063378474,0.07123868394142377,0.3602077452020276,0.3131721431575642,0.023528273855962154,1.205150936516242,0.0040400141868918585,5,0
2025-10-01 03:27:32.526047,DEMO_B,77.5648939910048,81.97200762601514,80.78806078614407,-0.053763641548431204,-0.03989657337699189,-0.012596797350380485,0.020477795379856403,1.2558078863295514,0.09325102471504944,2,0
2025-10-01 03:27:36.199364,DEMO_C,104.99187656269403,107.23461037608669,108.89820677064738,-0.020914272038916184,-0.03587139149297971,-0.07893288590333612,0.019510077621887358,0.807304912477447,0.05892951159421664,1,1
2025-10-02 03:27:28.566312,DEMO_A,149.51660006098,143.63514408761614,112.8273694536174,0.040947193047519315,0.32518023583316213,0.5190878991837877,0.024662832345010138,0.9095295635474177,0.027866214600659554,4,1
2025-10-02 03:27:32.526047,DEMO_B,76.22163537139201,81.73213797048908,80.71894074199899,-0.06742149093281687,-0.05571561431884575,-0.11515468456582455,0.021413914532400043,1.0436398611721533,0.10895398405923187,1,1
2025-10-02 03:27:36.199364,DEMO_C,104.78031869822682,106.97751945082516,108.90384431240079,-0.020538901667170657,-0.03786391233669635,-0.16360101546614061,0.01727126653991977,0.8499364784808305,0.06082576175525989,1,1
2025-10-03 03:27:28.566312,DEMO_A,153.19900510622122,144.3099658135116,113.05199720451779,0.06159684982668979,0.3551198465700266,0.6268209897270425,0.02519767074577494,0.731312377502271,0.008419185261233883,4,0
2025-10-03 03:27:32.526047,DEMO_B,76.03465249530876,81.33211028794459,80.65447097643195,-0.065133657221987,-0.05727913685619669,-0.2248201616949956,0.020771518469035515,0.8958670334277931,0.11113985091936038,1,1
2025-10-03 03:27:36.199364,DEMO_C,105.12431678425693,106.7212534475115,108.89380632521755,-0.014963623567633463,-0.034616197818476704,-0.22858677938111358,0.016796579520586115,1.203145198761506,0.057742414191339506,2,1
2025-10-06 03:27:28.566312,DEMO_A,152.93191537132327,145.13727109385653,113.28091653053794,0.053705324750292084,0.3500236408318283,0.6893556697383304,0.022563467299861917,0.8984344615340787,0.010147924013517832,4,0
2025-10-06 03:27:32.526047,DEMO_B,77.10851828349918,81.00166134327606,80.58193319936173,-0.04806250878334664,-0.04310413982336751,-0.2894754128401857,0.020149870292016564,1.190684970890534,0.09858614713749032,1,0
2025-10-06 03:27:36.199364,DEMO_C,108.94536534611274,106.62068972321383,108.89132402424981,0.021803231895551806,0.0004962867551402953,-0.23314953130073235,0.019275644575256955,0.8951891384409577,0.023493326032784267,3,0
2025-10-07 03:27:28.566312,DEMO_A,150.4996645511792,145.63949434311837,113.49112791409664,0.03337123786361505,0.32609189209129147,0.6792322741135906,0.023268486607903198,1.1387560409874038,0.02589067148250617,4,1
2025-10-07 03:27:32.526047,DEMO_B,78.64509529646074,80.70505593961516,80.523697931623,-0.025524555050128732,-0.023329810768967528,-0.32643800000129775,0.02082089586804172,0.9405039723523154,0.08062325748136726,1,0
2025-10-07 03:27:36.199364,DEMO_C,106.78229243513988,106.46505710789825,108.88045872257192,0.002979713117705157,-0.01927036597795916,-0.18959362639882188,0.02035450146374352,1.2340446116168506,0.04288153155334206,3,0
2025-10-08 03:27:28.566312,DEMO_A,150.56400254994216,146.10547589684717,113.73122819159535,0.030515808019699307,0.3238580550303837,0.6270192148068816,0.022852647732417332,0.9180029268572321,0.025474243678762866,4,1
2025-10-08 03:27:32.526047,DEMO_B,76.70496481338317,80.29295794949005,80.45764112027516,-0.04468627421054753,-0.0466416396831987,-0.3505414390327488,0.022674330352061144,0.8811320163365529,0.10147278392449167,1,0
2025-10-08 03:27:36.199364,DEMO_C,106.82332795941785,106.29640240864387,108.85573930870986,0.00495713437928293,-0.018670686196234264,-0.16184304239758235,0.019860638425627644,1.1631039397664,0.042513719088811054,2,0
2025-10-09 03:27:28.566312,DEMO_A,153.2717141580333,146.62115611953396,113.9700542077578,0.04535878869402319,0.3448419869892479,0.559058541503535,0.02328225253736599,0.9487972263664798,0.010912362007298023,4,1
2025-10-09 03:27:32.526047,DEMO_B,78.09570547373112,79.9457411137641,80.39890735710601,-0.023141140656890703,-0.028647178911832924,-0.34814417421469845,0.022831232394896386,1.0277320088605413,0.08518155249161545,1,0
2025-10-09 03:27:36.199364,DEMO_C,107.10392285472585,106.09133598586115,108.84710412375522,0.009544482209175401,-0.016014953113014655,-0.1584122237870659,0.019291878793929663,1.1993462291287813,0.020961236772341636,2,1
2025-10-10 03:27:28.566312,DEMO_A,154.9139688719769,147.196001927159,114.22401385302031,0.052433264788246045,0.3562294271265504,0.5099123443020517,0.021926901453207557,0.7203616767534743,0.004103446031587017,4,1
2025-10-10 03:27:32.526047,DEMO_B,77.22553935011268,79.57854556942263,80.33728172203637,-0.029568349138238952,-0.03873347847006053,-0.3605546373557914,0.02195886374984143,0.7682969439347216,0.08459590789953592,1,0
2025-10-10 03:27:36.199364,DEMO_C,106.06855916989127,105.9755142788794,108.82904425333358,0.0008779848028575679,-0.025365334248607513,-0.1664072010705951,0.01923159185477534,1.0904390405624305,0.030425513658503794,2,1
2025-10-13 03:27:28.566312,DEMO_A,155.54607574316188,147.73916449892084,114.4899871438289,0.05284253008143999,0.3585998184081894,0.5289866341916764,0.021229198058386106,0.9600956380391464,0.004496758670755354,4,0
2025-10-13 03:27:32.526047,DEMO_B,77.19004045746941,79.25682827177111,80.27855552764723,-0.02607709467271014,-0.03847247935489027,-0.3610867715755518,0.021200874483746468,0.7769999117029565,0.08501669915414102,1,0
2025-10-13 03:27:36.199364,DEMO_C,106.9878210351458,105.93720308054863,108.81528954218075,0.009917365420704394,-0.016794225468899363,-0.13765961844637076,0.018930598923503423,0.7195253192317153,0.022022525461125826,2,1
2025-10-14 03:27:28.566312,DEMO_A,154.05317543414156,148.10597579365054,114.746051438784,0.0401550282398935,0.34255753032449726,0.5119008172993631,0.019869150564615943,1.2079198542338172,0.01405140085321163,5,0
2025-10-14 03:27:32.526047,DEMO_B,75.20522117731352,78.8164088370979,80.21611223143465,-0.0458177137612065,-0.06246738859225704,-0.36420110667772865,0.023626798801897313,0.7228423877899921,0.0912529370479691,1,0
2025-10-14 03:27:36.199364,DEMO_C,107.37566716078604,105.9035984171265,108.81841542086576,0.013900082392492854,-0.013258309767696545,-0.09397408883472594,0.018286532034868474,1.048619678726721,0.018477217492485886,2,1
2025-10-15 03:27:28.566312,DEMO_A,154.74507660520712,148.71352536806143,114.99544695332413,0.04055818878758867,0.34566263886966836,0.5094712363546477,0.018397507686281546,0.7900869392283082,0.009623196186624031,4,0
2025-10-15 03:27:32.526047,DEMO_B,74.3480336489071,78.45341925300349,80.1500577964045,-0.05232895701915776,-0.07238951919704877,-0.37467804538459576,0.023194886848857624,0.8049090377867782,0.10161081694837983,1,0
2025-10-15 03:27:36.199364,DEMO_C,108.72983953463162,106.03357561437642,108.80078255953082,0.025428397605499933,-0.0006520451712778517,-0.018743660472236457,0.018723762762595984,0.9399513347511933,0.01048065507183596,2,1
2025-10-16 03:27:28.566312,DEMO_A,156.52928671504569,149.29079921554933,115.25992610198793,0.04848582456207011,0.35805472039380365,0.5163955445921261,0.01839088082602789,1.3062330510821845,0.008243795046099657,5,0
2025-10-16 03:27:32.526047,DEMO_B,75.45187924340985,78.14773309238895,80.07703126739659,-0.034496891237932224,-0.05775878489478763,-0.36650339728349907,0.023472450140824223,1.2039927398728796,0.08827242865228227,2,0
2025-10-16 03:27:36.199364,DEMO_C,114.56177561891892,106.38507528451744,108.81489237410901,0.07685946842199072,0.052813389044690164,0.09154945451038686,0.02350239152144264,1.1666576575028946,0.009756423390785026,4,0
2025-10-17 03:27:28.566312,DEMO_A,158.0815551089658,150.18471443317952,115.54355808494302,0.05258085488653213,0.36815550541338316,0.6075923290416143,0.01839261389645387,0.9616388882715776,0.009663979983724072,4,0
2025-10-17 03:27:32.526047,DEMO_B,71.4072655767298,77.67763491919048,79.99027887367787,-0.08072296934611703,-0.10730070475816844,-0.3827062449870212,0.03030961428468711,1.1702697562791795,0.13714577458268296,1,1
2025-10-17 03:27:36.199364,DEMO_C,113.35844698111089,106.6688441730042,108.81986666033573,0.06271374607994198,0.041707276989610964,0.19447590523020894,0.023170303505336016,0.9222659667741793,0.020157697705029638,4,0
2025-10-20 03:27:28.566312,DEMO_A,149.42201388412292,150.72523335573712,115.784788061633,-0.0086463257850023,0.290515070119441,0.6709704189291245,0.02566513611075092,1.2465349292376318,0.06391354493686753,4,0
2025-10-20 03:27:32.526047,DEMO_B,72.86827856018355,77.22092559209104,79.8976829869164,-0.056366159801032975,-0.08798007856978701,-0.3966750823826729,0.02947767490038627,0.8177778696530732,0.1121857894638926,1,1
2025-10-20 03:27:36.199364,DEMO_C,110.32313853391378,106.93592557903867,108.81655063663783,0.031675163763103614,0.013845209101571087,0.26999228824521143,0.025258194745452413,0.8988103359272707,0.046394151152319464,4,0
2025-10-21 03:27:28.566312,DEMO_A,150.60104830846072,151.1438834780393,116.02291409558075,-0.003591512650642279,0.298028492754407,0.6295150360143538,0.02386526434183385,0.96796280560474,0.05652722931986831,3,0
2025-10-21 03:27:32.526047,DEMO_B,76.20875022980371,76.99056146738195,79.8284077481883,-0.010154637434479077,-0.04534297527018799,-0.38525230715409864,0.03145456025847499,0.8421616421670766,0.07148607380184907,1,0
2025-10-21 03:27:36.199364,DEMO_C,108.17383343833191,107.12180148454577,108.80239535893865,0.00982089489913886,-0.005777096345472166,0.2727302034859932,0.025781237626736193,0.900070942515643,0.06497221136110276,2,1
2025-10-22 03:27:28.566312,DEMO_A,149.95995269380538,151.55352597176432,116.26924222756301,-0.010514920505748145,0.28976459999887727,0.5484622557289754,0.02208248086666126,1.3113781804001365,0.06054351116268053,4,0
2025-10-22 03:27:32.526047,DEMO_B,73.9374495078865,76.65902323311448,79.7568432403504,-0.03550232719443707,-0.07296419336616589,-0.366449317035746,0.03338702752301045,0.8060638249676567,0.09915919984741024,1,1
2025-10-22 03:27:36.199364,DEMO_C,111.83589687678052,107.5360539856403,108.80753878720701,0.039985128073552006,0.027832245112133475,0.27549147137872726,0.026655760030570658,1.1503745463807837,0.033318243207519645,4,1
2025-10-23 03:27:28.566312,DEMO_A,150.9746830432634,151.892802520939,116.51980569142914,-0.006044522600397886,0.2956997494750257,0.42444687915461543,0.020797083323785225,1.2799621014345535,0.054186513883780416,4,0
2025-10-23 03:27:32.526047,DEMO_B,74.33793918042547,76.3035978475838,79.67999591985027,-0.025761022056715255,-0.06704388821503399,-0.3309976502189912,0.03081620588593711,1.009180697918522,0.08402427049342162,1,0
2025-10-23 03:27:36.199364,DEMO_C,112.68634968079674,107.93089289868075,108.8173733515375,0.04406020050793179,0.03555476676284408,0.3124225857954727,0.025167220602483057,1.1380198396838448,0.025967140085761842,4,1
2025-10-24 03:27:28.566312,DEMO_A,146.88879294517142,152.1167122454331,116.75703641165934,-0.03436781681046771,0.2580722966218002,0.3531876822291651,0.0233767580010754,0.9902471403331031,0.07978345424269291,3,0
2025-10-24 03:27:32.526047,DEMO_B,73.4789992346161,75.9382390034974,79.61231662790924,-0.03238473529479715,-0.07703980556122918,-0.3252336796985418,0.030311564446931172,1.2279063829025016,0.0764484825928911,1,1
2025-10-24 03:27:36.199364,DEMO_C,115.1205727393761,108.48192312667895,108.83282781056104,0.06119590639027405,0.05777434121035401,0.39010865094155495,0.024670633992832394,0.7622697585298548,0.004926319665777173,4,0
2025-10-27 03:27:28.566312,DEMO_A,145.0700102022475,152.06601444638224,116.97859423539226,-0.0460063628918315,0.24014150751656127,0.24074482103546588,0.023176090126885825,1.0512028238462976,0.09117761127549788,3,0
2025-10-27 03:27:32.526047,DEMO_B,74.82476961093478,75.70493649843516,79.53156689644251,-0.011626281299616084,-0.05918149822995968,-0.32920341675106646,0.028419894165239303,0.7351428220289594,0.05631821387750753,1,1
2025-10-27 03:27:36.199364,DEMO_C,113.18539701062754,108.95236752968201,108.85869324549014,0.03885211103643364,0.039746056434649,0.4607001231311131,0.025406252500312563,0.8902248494408193,0.02165349873270898,4,1
2025-10-28 03:27:28.566312,DEMO_A,140.9516903260296,151.54506803854372,117.18704959605812,-0.06990249072190079,0.2027923803175164,0.015629605900204523,0.025097443926213332,1.2475540845218673,0.11697771497865429,4,0
2025-10-28 03:27:32.526047,DEMO_B,77.49433281639874,75.71769821594854,79.47606760998917,0.02346392775151713,-0.0249349880182214,-0.24813113834805167,0.02899758831103599,1.2415233985764056,0.02264997557890326,3,0
2025-10-28 03:27:36.199364,DEMO_C,118.23041738950536,109.55945679051953,108.90762004285084,0.07914388089350358,0.08560280119046192,0.5068280240759734,0.028289393969598047,0.803288710440923,0.011276840006422291,4,1
2025-10-29 03:27:28.566312,DEMO_A,139.13949291008936,150.8429862294684,117.37488443883007,-0.07758725554249653,0.18542815675871377,-0.2671276789830557,0.02464745136004759,0.7788210490910761,0.1283306168092882,2,1
2025-10-29 03:27:32.526047,DEMO_B,78.2898265872332,75.75394484575997,79.43013386264622,0.03347524339011573,-0.01435610416299798,-0.13198467911965112,0.02685173317770499,1.1318598355546539,0.01261729540609763,2,0
2025-10-29 03:27:36.199364,DEMO_C,118.92913811722006,110.25631986824585,108.95191411045317,0.07866050906957586,0.09157456377179558,0.5728387602970785,0.025632957150132658,1.1160705126528938,0.005433662073766079,4,1
2025-10-30 03:27:28.566312,DEMO_A,139.52923126594087,150.34361778971646,117.57064954718697,-0.07193113138265389,0.18676924728514674,-0.4769217128347094,0.02304867436665837,1.2719009143387119,0.12588901676356737,3,1
2025-10-30 03:27:32.526047,DEMO_B,77.29478340378971,75.80760224737985,79.39902758850712,0.019617836632753575,-0.026502140500043125,-0.021226516491029204,0.026511578832728238,1.1885072362292375,0.02516667088033543,2,0
2025-10-30 03:27:36.199364,DEMO_C,118.72267168793624,110.9534375177313,109.00685482221584,0.07002247378737905,0.08913032929503709,0.6246981120668551,0.02500081591458092,0.9943918255646098,0.009874928001389668,4,1
2025-10-31 03:27:28.566312,DEMO_A,138.9410149612903,149.6307182824699,117.77235484236097,-0.07144056677586606,0.17974218268169742,-0.6072042576651939,0.022183053226844846,0.9824433777232858,0.12957402475614926,2,0
2025-10-31 03:27:32.526047,DEMO_B,76.9384348674805,75.85279136598844,79.35793183180446,0.014312505603832643,-0.030488407503511845,0.03856137665378583,0.02523304967021693,0.7710207569140544,0.029660899529150013,3,0
2025-10-31 03:27:36.199364,DEMO_C,119.47462185672345,111.67095277135464,109.06570320633844,0.06988092150827045,0.09543713875564212,0.6831151210557025,0.02297891765853828,0.7428950714041367,0.004544799801482196,4,1
2025-11-03 03:27:28.566312,DEMO_A,142.37653098837148,149.10294906332234,118.01364927208311,-0.045112575688185906,0.20644121986363798,-0.6096505897441262,0.02231286674187067,0.7203456962052838,0.10805149313241567,2,0
2025-11-03 03:27:32.526047,DEMO_B,75.09114493517386,75.75192269857217,79.315313668733,-0.008722917384257622,-0.05325792130384469,0.01672954854757194,0.026129386175047824,0.9999018472223116,0.05295871750934021,2,0
2025-11-03 03:27:36.199364,DEMO_C,121.31560783008749,112.28946489555335,109.14056612267159,0.08038281189539777,0.1115537708841589,0.6874649113176418,0.022037281231312652,1.073865083138133,0.002999054435464623,4,1
2025-11-04 03:27:28.566312,DEMO_A,143.19834832356938,148.73788325194184,118.2580861171712,-0.03724360470418447,0.21089688684532854,-0.5450874681447261,0.020769417676933744,1.1629029192276534,0.10290304106690268,2,0
2025-11-04 03:27:32.526047,DEMO_B,72.38538338938694,75.43893710321848,79.25778367456779,-0.0404771571695601,-0.08670946835201573,-0.06856950338906671,0.029270731593616452,1.376982461668241,0.08108429735810276,2,1
2025-11-04 03:27:36.199364,DEMO_C,121.12446414282299,113.0065734809375,109.21074009835827,0.07183556152381566,0.10908930782572189,0.6836534603205351,0.0210376965607259,1.0518176060176472,0.006515717395638127,4,1
2025-11-05 03:27:28.566312,DEMO_A,143.47410878581383,148.38338856373542,118.50567900707414,-0.0330851035647626,0.21069395144556077,-0.48132934824901386,0.019992134321364464,0.9731392452620155,0.10117548013502312,2,0
2025-11-05 03:27:32.526047,DEMO_B,73.48498984838852,75.27793835496875,79.19578125024104,-0.023817715332820174,-0.07210979311900072,-0.14731820475921467,0.027693210659302893,0.9388136620561691,0.06712504765063827,1,0
2025-11-05 03:27:36.199364,DEMO_C,122.22310789650203,113.77656247779173,109.29053402913154,0.07423800855610309,0.1183320585104223,0.6981870629703721,0.020167365077426728,0.7522926688539054,0.006705286695557992,4,1
2025-11-06 03:27:28.566312,DEMO_A,141.18459579803192,147.77903264573533,118.73643245506017,-0.04462362981839231,0.18905876552647835,-0.4422931773056064,0.020196692062380426,0.9763649339383306,0.11551862838234768,2,0
2025-11-06 03:27:32.526047,DEMO_B,73.87420706873911,75.06686343471915,79.13246717425625,-0.015887920600508625,-0.06644883311849754,-0.2045840206141989,0.026120531251442182,0.9877807098637298,0.06077580399750216,1,0
2025-11-06 03:27:36.199364,DEMO_C,121.63739447283288,114.50323605869707,109.36172562400408,0.06230529948060745,0.11224830971517134,0.7151664156923246,0.019114634895815465,1.0233809920384922,0.011465319861583055,4,1
2025-11-07 03:27:28.566312,DEMO_A,135.59166854177627,146.8129176292253,118.9362522751143,-0.07643230084009493,0.1400364981077084,-0.5538913474400602,0.024849637409002694,1.1742629524618988,0.15055672827567687,2,0
2025-11-07 03:27:32.526047,DEMO_B,74.86770623886025,74.94897177915654,79.08136539815446,-0.001084278254486824,-0.05328257975920766,-0.1977975507330598,0.02524232876709535,0.9093348496708188,0.04814462328759727,2,0
2025-11-07 03:27:36.199364,DEMO_C,123.05832471962522,115.3527243361838,109.4329635973894,0.06680033287280006,0.12450874649035694,0.7623181459020458,0.017966387938058794,1.1920455251781055,0.00039046109853496506,4,1
2025-11-10 03:27:28.566312,DEMO_A,132.56504157449055,145.66386592079175,119.11536077080012,-0.08992500826130759,0.11291306777444168,-0.7718505596810303,0.02544718156982481,0.9322296301786943,0.16951768613562188,2,0
2025-11-10 03:27:32.526047,DEMO_B,74.61884961779886,74.820412237173,79.02014461900927,-0.002693952269805882,-0.055698392130652065,-0.15660163079031691,0.02430209061097119,0.8038436676456331,0.051308544351667706,1,0
2025-11-10 03:27:36.199364,DEMO_C,125.83414583488087,116.29504057617055,109.52670214165668,0.08202503917148926,0.14889011879617178,0.815309604885816,0.018738436298718745,0.9575092562780028,0.00425532831484324,4,1
2025-11-11 03:27:28.566312,DEMO_A,131.3313570431938,144.52777500124438,119.3044393450693,-0.09130714119093686,0.10080863515345428,-0.9826393849925665,0.023697514463966386,0.812661638874153,0.17724636914255398,2,0
2025-11-11 03:27:32.526047,DEMO_B,73.61987428502943,74.7411448925588,78.94080340008429,-0.01500205287383819,-0.0674040405705978,-0.13200381223660715,0.02438584145857532,1.1300745475334133,0.06400934806890635,1,0
2025-11-11 03:27:36.199364,DEMO_C,127.50367736909593,117.30144108658604,109.62150043133198,0.08697451785762042,0.16312654787064806,0.8841561735062101,0.018994532449835594,0.9719535882725495,0.009076871339721215,4,1
2025-11-12 03:27:28.566312,DEMO_A,129.31032527341836,143.25603743465493,119.49555724937058,-0.09734816354666932,0.08213500359319406,-1.1331133050141717,0.023827515292716976,1.1766515059457687,0.18990755885457464,2,0
2025-11-12 03:27:32.526047,DEMO_B,71.71614872418003,74.60955064632245,78.84769195920899,-0.03878058367967177,-0.09044707660838551,-0.11224524633911558,0.02549818931751433,1.1365062762851015,0.08821299343100736,1,1
2025-11-12 03:27:36.199364,DEMO_C,135.52025513243814,118.64096186647637,109.76171784506049,0.14227205343259475,0.23467687817840432,1.022416836596085,0.023691013410447784,1.0295609938034103,0.002361883237306368,4,0
2025-11-13 03:27:28.566312,DEMO_A,130.7978203707972,141.9694641174425,119.70437199612668,-0.07869046922233701,0.09267371099051824,-1.209473550970242,0.02205187511418628,1.0355054615397459,0.18058882477762003,2,0
2025-11-13 03:27:32.526047,DEMO_B,75.45461965631024,74.60968766696746,78.78040437923987,0.01132469543518631,-0.04221588793730581,-0.08894298152287093,0.028589345477523533,1.2385578025150998,0.040682705190600014,3,0
2025-11-13 03:27:36.199364,DEMO_C,135.46113593962627,119.68592988251173,109.89431184238157,0.13180501728649383,0.2326492032992072,1.101233238296169,0.022843852685907644,1.2967555353586544,0.008642645699630889,5,0
2025-11-14 03:27:28.566312,DEMO_A,126.57283530208625,140.39402812709852,119.8844343898555,-0.09844573169807457,0.05579040303498077,-1.3097986471188336,0.025608155218713964,0.7403150750773053,0.16638059144108486,2,0
2025-11-14 03:27:32.526047,DEMO_B,75.13543497259084,74.79609613676051,78.72892335810975,0.004536852233703086,-0.04564381465212492,-0.01800894264163162,0.0263483521868991,1.1640281212855799,0.04474076536935384,2,0
2025-11-14 03:27:36.199364,DEMO_C,135.82325114643862,120.80917009077811,110.03006956873715,0.12427931625040277,0.23441938807089596,1.1412747825140812,0.022425086222626497,0.9531144577146563,0.010546769587192865,4,0
2025-11-17 03:27:28.566312,DEMO_A,121.41600235000475,138.99372755039263,120.04141639451298,-0.12646416144221348,0.011450930826859176,-1.3930104209259895,0.030353746308419298,0.7286984813133184,0.20034392982480242,1,0
2025-11-17 03:27:32.526047,DEMO_B,74.32462750137829,74.86891358382026,78.66926126352237,-0.0072698541542560256,-0.055226573789610746,0.04420828729609952,0.02602272266686759,1.1422663769936645,0.05504923466437904,2,0
2025-11-17 03:27:36.199364,DEMO_C,135.6730375653899,122.07666504235189,110.1545585421139,0.11137568771493751,0.23166067170538263,1.1718656135833443,0.020293148457305853,0.9615588285234653,0.011641054341577695,4,0
2025-11-18 03:27:28.566312,DEMO_A,117.89246613562891,137.35829844175103,120.17310130771234,-0.1417157356122675,-0.01897791724825089,-1.4771214552857659,0.03265461633876334,1.0981893375563927,0.22355023762420975,1,1
2025-11-18 03:27:32.526047,DEMO_B,72.89017265896437,74.70298470527828,78.59551076736554,-0.02426692927285167,-0.07259114487198087,0.04460940347644709,0.026372664750919757,0.8356885747022037,0.07328665134236076,2,0
2025-11-18 03:27:36.199364,DEMO_C,134.2744312733279,123.38169493410172,110.25901587120507,0.08828486547412086,0.21780908538287289,1.1872201295090847,0.01993359871650183,0.8354079412944863,0.02182970394373168,4,0
2025-11-19 03:27:28.566312,DEMO_A,118.92342823289052,135.8064722187053,120.30138023271834,-0.12431693210192522,-0.011454166171345951,-1.53617134828219,0.02951008588520063,1.2018295531268262,0.21676023397362618,2,1
2025-11-19 03:27:32.526047,DEMO_B,73.60527840177592,74.68637614997276,78.52623759611964,-0.014475166742940622,-0.06266643283807209,0.006026553452836936,0.023996962842127188,0.9103201762437856,0.06419491766427221,2,0
2025-11-19 03:27:36.199364,DEMO_C,128.4130706550389,124.21055362301463,110.3250954364519,0.03383381612466775,0.1639515936698718,1.1621772324329414,0.024515815068248886,0.9366438174523869,0.06452888946188469,3,0
2025-11-20 03:27:28.566312,DEMO_A,119.56381464399313,134.23592879874178,120.44190728881028,-0.10930094711637425,-0.007290590663858891,-1.5503453988400822,0.027038823051589337,0.8131084421523739,0.1916758625952634,1,1
2025-11-20 03:27:32.526047,DEMO_B,73.97753008934131,74.66835569541854,78.4488954973979,-0.009251919365884915,-0.05699717478119111,-0.043801831653144066,0.02235797214533355,1.2366545336514312,0.05946217255827254,2,0
2025-11-20 03:27:36.199364,DEMO_C,126.6639755319314,124.90943491557137,110.3853571037628,0.014046501911932904,0.14747081365933903,1.0334418230249256,0.02436620492558121,0.8140062439492053,0.07727080077125315,3,1
2025-11-21 03:27:28.566312,DEMO_A,122.72027632160825,133.02750296756363,120.6084788365584,-0.07748192227939972,0.01750952756739129,-1.505481880866725,0.026917581551262226,0.7729116034272825,0.1556808411750521,2,1
2025-11-21 03:27:32.526047,DEMO_B,72.84926378514879,74.63686892294518,78.35180459793544,-0.023950698409413544,-0.07022864171441993,-0.04987183316098936,0.02268483538609053,1.0545500304977846,0.07380675985713718,1,0
2025-11-21 03:27:36.199364,DEMO_C,128.47820725406348,125.57731664130574,110.44515456429046,0.023100434778708705,0.16327608722097373,0.8529043179377354,0.02298799246733127,1.2234790403785905,0.06405437852374281,4,1
2025-11-24 03:27:28.566312,DEMO_A,128.8312974106811,132.2155673279853,120.81467322618457,-0.025596607008529476,0.06635472306818317,-1.3064431478673129,0.029606031039700446,0.7276281487891143,0.10824034798836306,2,1
2025-11-24 03:27:32.526047,DEMO_B,71.72487466693427,74.48187417574516,78.24119505918117,-0.03701571072588158,-0.08328503146351474,-0.04917282860938173,0.023304334608151168,0.997640190147362,0.08810205326808841,1,0
2025-11-24 03:27:36.199364,DEMO_C,134.320274806823,126.63406053111551,110.53549310604902,0.06069626326022208,0.21517777713222472,0.7871494212318695,0.025156425039212334,1.055946190927878,0.021495740267208085,4,0
2025-11-25 03:27:28.566312,DEMO_A,129.23071883410267,131.62951875338894,121.03239032135208,-0.018223875176361246,0.06773664876801391,-1.0374268401389202,0.027959997162100864,0.9235059155502723,0.10547558572395001,2,1
2025-11-25 03:27:32.526047,DEMO_B,71.17924163916676,74.16611961688356,78.12600258249289,-0.04027280910941514,-0.08891739899262185,-0.12269945858517702,0.02311503992793327,1.1348495454510803,0.09503913946030293,1,0
2025-11-25 03:27:36.199364,DEMO_C,133.35205392469942,127.39014235787519,110.6056148862124,0.04680041529489401,0.20565356525424006,0.808380308526526,0.023645918758766545,1.2525556840853804,0.028549092852160018,5,0
2025-11-26 03:27:28.566312,DEMO_A,132.5805206253104,131.30157013915,121.28231604814584,0.009740557441963773,0.09315624029375794,-0.7266701533358287,0.027592649308023118,1.039011484710611,0.08228853304595914,2,1
2025-11-26 03:27:32.526047,DEMO_B,71.27092233327713,73.81517440418577,78.01115668711866,-0.03446787319064258,-0.08640090264107683,-0.21771118885271648,0.02116958370425337,1.015767656141679,0.08181339188931061,1,0
2025-11-26 03:27:36.199364,DEMO_C,135.6582280223836,128.22659685313337,110.70393108610621,0.05795701790138118,0.22541473181171673,0.844714959169346,0.023102302716219075,0.8230371036949596,0.011748939773893817,4,0
2025-11-27 03:27:28.566312,DEMO_A,134.90211800698575,131.07021447620224,121.54903161617769,0.029235502101655948,0.10985761230063816,-0.48285741715581026,0.0273274697813561,0.9669800752740256,0.06621862678246546,2,1
2025-11-27 03:27:32.526047,DEMO_B,70.648916567139,73.48288106235323,77.90928150734537,-0.03856632258075861,-0.09318998712010786,-0.29746754927433017,0.020195770058474734,1.2218220646241196,0.0898267211116406,2,0
2025-11-27 03:27:36.199364,DEMO_C,136.37488399321924,129.10920746839753,110.8058476457478,0.056275432769581184,0.2307552975833641,0.8656317976201436,0.02234386343725546,0.8989809994543847,0.009222324446036517,4,0
2025-11-28 03:27:28.566312,DEMO_A,141.90836739837857,131.21858209805666,121.85675082141896,0.08146548399931408,0.1645507240410936,-0.2553274737043978,0.029542104600191545,0.8491535864604534,0.017721944340010957,3,0
2025-11-28 03:27:32.526047,DEMO_B,67.29905033337685,73.00091183564804,77.79990299240787,-0.0781067161888084,-0.13497256751150116,-0.36451632347245777,0.02545131257036501,1.0721439667376687,0.11459135182041728,1,1
2025-11-28 03:27:36.199364,DEMO_C,133.97072404050527,129.83401257758663,110.88279739902329,0.031861539058931965,0.20821919344619055,0.8118969203464588,0.022876986729204726,1.165137764893899,0.026688795836239922,4,0
2025-12-01 03:27:28.566312,DEMO_A,142.00716936515343,131.20011401689575,122.15147780346396,0.08237077710821167,0.1625497449456678,-0.09417975140796955,0.027010638331294457,1.1328916469358927,0.017038045246544967,3,0
2025-12-01 03:27:32.526047,DEMO_B,68.75514745370545,72.68411196157463,77.69753777727047,-0.05405534169484355,-0.11509232569504946,-0.3778277879155596,0.025243915598619094,1.0275368866354386,0.09543445470906346,1,1
2025-12-01 03:27:36.199364,DEMO_C,129.5694403531092,130.24670420373772,110.940078771953,-0.0051998540367602245,0.1679227361957303,0.7320539416178321,0.025832593930184392,0.8634572212208813,0.058664578279205584,3,1
2025-12-02 03:27:28.566312,DEMO_A,139.23799648340542,131.00209642488755,122.4356638467414,0.06286845999628772,0.13723397340905755,-0.046904788783135136,0.027196136224222515,0.8006384432739606,0.03620603233523921,3,1
2025-12-02 03:27:32.526047,DEMO_B,71.7439733518208,72.6520414596963,77.62445911337983,-0.012498865684032542,-0.07575557792898595,-0.31250349897575236,0.027426115170319287,1.1842016553291126,0.056112468960595976,1,0
2025-12-02 03:27:36.199364,DEMO_C,132.07654593915234,130.7943082935542,111.01476600380713,0.009803466697650904,0.18972052721908114,0.6272919616181838,0.02459839262501635,0.7899345012885949,0.04045019618644659,4,1
2025-12-03 03:27:28.566312,DEMO_A,143.76992747995956,131.01688735959485,122.74200349869197,0.09733890323132276,0.1713180767942384,-0.03231399063838865,0.027826034176659298,1.1700193936460517,0.005935144693836911,3,1
2025-12-03 03:27:32.526047,DEMO_B,71.81483164302894,72.56853354942834,77.55272719656004,-0.010386070512035816,-0.07398702484038003,-0.21775654018015161,0.02555928395295507,1.0732532042751652,0.055180233757868326,1,0
2025-12-03 03:27:36.199364,DEMO_C,133.75781213958797,131.37104350570846,111.10830493322024,0.01816814855227819,0.20385071322959009,0.5483967790589418,0.023011639844706833,1.012405341642364,0.02823562287734752,4,1
2025-12-04 03:27:28.566312,DEMO_A,144.76152346957903,131.19573374317218,123.0516962708418,0.10340114986485109,0.17642850815280933,-0.022892336706985362,0.0251275657031403,0.8035786486591521,0.0019726912883384243,3,0
2025-12-04 03:27:32.526047,DEMO_B,71.56053361845402,72.45284987691407,77.46718642876183,-0.0123158200122695,-0.07624715808853502,-0.12117023296142265,0.024047831590960415,1.1146954451934108,0.05852586299124182,1,1
2025-12-04 03:27:36.199364,DEMO_C,136.34301309474128,132.1063244368039,111.21116456369691,0.03207029395450402,0.22598314323603672,0.5668963020405272,0.022393106069230177,1.2805966430615794,0.009453869828787358,5,1
2025-12-05 03:27:28.566312,DEMO_A,147.72867565698334,131.80258409893253,123.37532595740788,0.12083292347361345,0.19739238385463573,0.13985774823581779,0.024427131862851423,1.0787179932939073,0.0030602613669128893,4,0
2025-12-05 03:27:32.526047,DEMO_B,71.32463985908035,72.27569655792509,77.39729626217303,-0.013158734458996423,-0.07846083385810229,-0.1016022390081318,0.02240837642491665,0.6763499805918988,0.06162935960176462,1,1
2025-12-05 03:27:36.199364,DEMO_C,138.3807367576744,132.87244503870636,111.32289464141012,0.04145548550238134,0.2430572992502772,0.6563497813186985,0.02176354795490763,0.881427521263851,0.0050635348667875885,4,0
2025-12-08 03:27:28.566312,DEMO_A,145.2283934220115,132.4357516913086,123.69646654239112,0.09659507774396865,0.1740706705816962,0.36530072721797924,0.02429757274289573,1.197905288352637,0.01993329367940391,4,0
2025-12-08 03:27:32.526047,DEMO_B,71.93260010748733,72.14138408240952,77.34065692452134,-0.0028940943894794607,-0.06992514716175562,-0.13141517460768312,0.021623933120645283,1.0515389858554964,0.053630832742582714,1,1
2025-12-08 03:27:36.199364,DEMO_C,139.89129903324715,133.57530269862465,111.46595031991085,0.04728416261854018,0.2550137385610103,0.7063390343138821,0.020425629999959585,1.245760558163185,0.002452553256866277,5,0
2025-12-09 03:27:28.566312,DEMO_A,146.37628309720606,133.1879979940092,124.029966235553,0.09902007164181607,0.1801686926142814,0.5582239216965149,0.023019078899548663,1.276990650857089,0.012186816377832093,5,0
2025-12-09 03:27:32.526047,DEMO_B,72.19587841235892,72.07018428877598,77.2852774981271,0.001744051646646353,-0.06585211634766418,-0.1308164315809279,0.020648061320677008,0.9320674934832048,0.05016705596034546,1,0
2025-12-09 03:27:36.199364,DEMO_C,136.77721783432744,134.03897972188625,111.60092345709216,0.020428670213117773,0.22559216892963213,0.6804850694176339,0.022877991608351744,1.225952566367502,0.0246586788014926,5,0
2025-12-10 03:27:28.566312,DEMO_A,144.51759792780618,133.9483616267286,124.34055374562269,0.07890530479596812,0.16227243304273775,0.689066966218951,0.022627544535055444,1.1311931022732409,0.02473006228958216,4,0
2025-12-10 03:27:32.526047,DEMO_B,72.65374660168524,72.11706418265123,77.23679642168649,0.007441822890554032,-0.059337647757674535,-0.08770836576747883,0.01998314915906619,0.673851444321785,0.044143190058113076,2,0
2025-12-10 03:27:36.199364,DEMO_C,138.5162837569234,134.18878115311048,111.7353846349556,0.03224936217935538,0.23968145104133465,0.5331448115793052,0.021732724035656424,1.0432217785210027,0.012257616099292037,4,0
2025-12-11 03:27:28.566312,DEMO_A,142.64395168491365,134.54066819243442,124.63583603005836,0.06022924964880537,0.14448585758683627,0.6988778122423782,0.022043021066134164,1.2197923469049425,0.037374272273683846,5,0
2025-12-11 03:27:32.526047,DEMO_B,73.35283819792313,72.01197510973188,77.21484739312514,0.018620001550409472,-0.05001640650196845,-0.05517627961447005,0.019429140510391744,1.1514203943307755,0.028848559458428607,2,0
2025-12-11 03:27:36.199364,DEMO_C,137.41649223989756,134.28654896812407,111.8520553668896,0.02330794331840683,0.2285558078405731,0.34416863133212416,0.021699855676794628,1.1294252466417796,0.020100092560234324,4,0
2025-12-12 03:27:28.566312,DEMO_A,146.14967792168716,135.51951032341447,124.95002529629943,0.07844012698174617,0.16966505268899362,0.7520187462636927,0.022717659033627238,0.9871875671151007,0.013716050315996325,4,0
2025-12-12 03:27:32.526047,DEMO_B,74.84283245858884,71.99734498403178,77.18568134480607,0.039522116755668676,-0.030353413293732354,-0.034628737579956236,0.019808084356086098,1.0231159405874293,0.004853447875996602,2,0
2025-12-12 03:27:36.199364,DEMO_C,135.02937422889883,134.2468551222471,111.95214716734965,0.005828956707694645,0.20613474279374563,0.15906740934827043,0.021592985075989116,1.1287468818926831,0.037122334067766494,4,1
2025-12-15 03:27:28.566312,DEMO_A,143.40708904571284,136.61906465819987,125.25291351397169,0.04968577705092307,0.14494014568145025,0.84332820250672,0.02349224060086403,1.1151760072163557,0.032224277138123134,4,0
2025-12-15 03:27:32.526047,DEMO_B,73.9086949965494,71.97654835879034,77.1711935732341,0.026844113559428447,-0.042276119178960896,-0.03069910585907252,0.01986094836190958,0.8047972447642523,0.017274192041081184,2,0
2025-12-15 03:27:36.199364,DEMO_C,135.98478107375144,134.26244229766516,112.06433509546561,0.01282815020054366,0.2134527988579812,0.050499912069443556,0.019932082758556367,0.9096866821571962,0.03030944673831851,4,0
2025-12-16 03:27:28.566312,DEMO_A,139.50345215267413,137.69961395905213,125.53730153821769,0.013099805742072802,0.11125100223860301,0.9580901130412514,0.025745063532345878,0.7163204624373609,0.05856777968803258,3,1
2025-12-16 03:27:32.526047,DEMO_B,71.09466788774324,71.8867731202293,77.14604170456975,-0.011018789661921114,-0.07844049653254029,-0.049600887578542086,0.024686082187202512,0.7459282000625719,0.05469085951503594,1,0
2025-12-16 03:27:36.199364,DEMO_C,133.70445413055307,134.23394344052642,112.15978324060852,-0.0039445262234133645,0.19208909171771743,0.006621790437296227,0.020745425647229563,0.7376449092754745,0.0465701744293701,4,1
2025-12-17 03:27:28.566312,DEMO_A,148.32432853273912,139.16965897404458,125.8540004538152,0.06578064231947209,0.1785428194407684,1.1438085198857977,0.029337455344240097,0.9532716347255065,0.0031597094045477873,4,0
2025-12-17 03:27:32.526047,DEMO_B,69.8679601286684,71.6999072065739,77.10734339754272,-0.025550201517381216,-0.09388707936091373,-0.07347076701184534,0.024775803467751843,1.0451860861031237,0.07100176006229333,1,0
2025-12-17 03:27:36.199364,DEMO_C,136.06413593270784,134.61649670440985,112.23943557976288,0.010753802570547541,0.2122667512526286,0.06469837908508964,0.02012058907457024,1.2166209345426144,0.029743577113219018,5,1
2025-12-18 03:27:28.566312,DEMO_A,148.4284213305772,140.61288930837378,126.18657444063521,0.05558190334218527,0.1762615950907339,1.2737352285763337,0.0276427903408834,0.8221274719129866,0.009056598059498551,4,0
2025-12-18 03:27:32.526047,DEMO_B,68.95660326598419,71.44886086540606,77.05917237425732,-0.0348816981717419,-0.10514736738828388,-0.13736093894678875,0.024746253392956354,0.9449240766502195,0.08311960234407176,1,0
2025-12-18 03:27:36.199364,DEMO_C,137.483848051927,135.15749033040964,112.32050840811702,0.017212199751787914,0.22403156823666504,0.21753248230697864,0.020014478782316533,1.123161823359282,0.019619786645730646,4,1
2025-12-19 03:27:28.566312,DEMO_A,144.96715373900435,141.72523317924356,126.4943512298415,0.0228746884872692,0.14603658052364393,1.3125612391409023,0.027852548022668438,1.0210732828136422,0.03216484277080327,4,0
2025-12-19 03:27:32.526047,DEMO_B,65.60462322149847,71.08662883722353,77.00119817010618,-0.07711725405178423,-0.14800516380837497,-0.2217751297956852,0.03050444468584572,0.7316978909920079,0.12768915262003303,1,0
2025-12-19 03:27:36.199364,DEMO_C,143.02839625569456,135.8849997804912,112.41598205860966,0.05256942625560446,0.27231371942402893,0.4168661855535305,0.022448192675033764,0.9659524130318429,0.004524547815515283,4,0
2025-12-22 03:27:28.566312,DEMO_A,144.37115759390548,142.5022261884048,126.79744545849,0.013115103219719112,0.13859673648684528,1.2160798663904302,0.024977895774807714,1.2248044339429265,0.03614385462226212,5,0
2025-12-22 03:27:32.526047,DEMO_B,64.02282315327652,70.70152626154065,76.94071382904731,-0.09446335123739938,-0.1678940840667626,-0.29837720867276546,0.030744442186869232,0.8192049161445377,0.14872153250639775,1,0
2025-12-22 03:27:36.199364,DEMO_C,143.38676124493216,136.33832410239665,112.51673699368654,0.0516981354211292,0.27435939821982025,0.5477264399821821,0.02159370667399139,0.8756921622204589,0.002469223454779305,4,0
2025-12-23 03:27:28.566312,DEMO_A,138.32692153798484,142.9570363235989,127.06059406548853,-0.03238815594311354,0.0886689343408037,0.9464091579139677,0.028788580295238238,0.7364398082510644,0.07649661041992524,3,0
2025-12-23 03:27:32.526047,DEMO_B,64.24026379838257,70.35457736950144,76.88253933954616,-0.08690711819653986,-0.16443623805569027,-0.34379942780103223,0.029088429439673234,0.7551114420451726,0.14583033636695936,1,0
2025-12-23 03:27:36.199364,DEMO_C,147.56742707082154,137.04909275970277,112.63966647999203,0.0767486606391569,0.3100840199756243,0.604602588257285,0.02249322453100598,1.2520170823233652,0.003970169019835346,5,0
2025-12-24 03:27:28.566312,DEMO_A,134.52611554073448,143.05431606937012,127.316931033021,-0.05961512216450798,0.056623926206984164,0.6114656666348026,0.029489633234089804,0.9308915655946217,0.10187169418937875,3,0
2025-12-24 03:27:32.526047,DEMO_B,64.67669120070433,70.0248658128728,76.83197911232415,-0.07637536395229068,-0.15820610183488124,-0.3580041572788602,0.02676943139739789,1.0168519754589354,0.1400273862325796,1,0
2025-12-24 03:27:36.199364,DEMO_C,145.645005048268,137.54843161099697,112.75109725013549,0.05886343699046365,0.29173913691640796,0.5945975540386229,0.022794915182308407,0.9607699289881824,0.016945862370357733,4,0
2025-12-25 03:27:28.566312,DEMO_A,134.16023165973505,143.01722175200757,127.57079607371817,-0.06192953536484285,0.05165316662450784,0.31360670264933505,0.027861596978724177,1.2787477762223856,0.10431442189949339,4,1
2025-12-25 03:27:32.526047,DEMO_B,62.81899568657336,69.63336976884452,76.76976557687479,-0.09786075418857665,-0.1817221895295691,-0.358317858542587,0.027928083325852865,0.8451691593640017,0.16472820560371376,1,1
2025-12-25 03:27:36.199364,DEMO_C,139.603779733848,137.70987639802843,112.83604298863742,0.013752850451666571,0.23722682962133024,0.4859860743674773,0.02681751578945707,1.1525205650234975,0.05772207395224701,3,0
2025-12-26 03:27:28.566312,DEMO_A,133.28664767253923,142.5861357657156,127.80241302129254,-0.06522014250008448,0.04291182397575696,0.022800458303026974,0.026932167741154454,1.0708293008634011,0.11014667612946029,3,1
2025-12-26 03:27:32.526047,DEMO_B,63.1585111417235,69.42634280926185,76.70179906564088,-0.09028030879803436,-0.17657066834021884,-0.3271574505214517,0.025016012519764177,0.7370080414860414,0.16021384366033833,1,1
2025-12-26 03:27:36.199364,DEMO_C,138.69812939730159,137.94624666586824,112.92101937416301,0.0054505486709945945,0.2282755696503793,0.38766287652688336,0.02479615200459893,1.2231538842565124,0.06383490501221077,4,0
2025-12-29 03:27:28.566312,DEMO_A,133.3122245544915,142.1513885251825,128.03259124214728,-0.06218134105053164,0.0412366356184957,-0.20794759004873242,0.024635872483052868,1.0038246757839424,0.1099759187894198,2,1
2025-12-29 03:27:32.526047,DEMO_B,64.4992527156468,69.21354807235892,76.63594317091787,-0.06811232031890029,-0.15836812275152826,-0.2880581597895997,0.025547276099380248,1.075964191263957,0.14238669427609602,1,1
2025-12-29 03:27:36.199364,DEMO_C,139.75437643033393,138.45549346972945,113.03594531611564,0.009381230950496467,0.23637110336448894,0.3210616474924621,0.022806888109503286,0.7146202694347971,0.056705597585310914,3,0
2025-12-30 03:27:28.566312,DEMO_A,137.19269056745054,142.04912322938475,128.27978820176884,-0.034188402937847834,0.06948017681213169,-0.28762189067957994,0.025268083204097663,1.0335619178319144,0.0840690058308033,2,0
2025-12-30 03:27:32.526047,DEMO_B,66.4427137947584,68.9484850945058,76.58055265112075,-0.03634265925223451,-0.13238137497580443,-0.257258313321961,0.02562601279407187,0.8907878905045902,0.11654549441056154,1,1
2025-12-30 03:27:36.199364,DEMO_C,136.67213914967817,138.68527313025578,113.14224176232813,-0.014515845375210341,0.20796739591547114,0.30193001102186373,0.024602459952896488,1.0566149896177373,0.07750964857834575,3,0
2025-12-31 03:27:28.566312,DEMO_A,134.89907472245818,141.6055805915097,128.5103617061401,-0.04736046306252436,0.04971360232357705,-0.3360294857326608,0.02512646428396233,0.9786496438008021,0.09938173009079748,2,1
2025-12-31 03:27:32.526047,DEMO_B,67.94614738957047,68.75505088183289,76.53994575131215,-0.011765004634389016,-0.1122786053398052,-0.22344954887793167,0.02588982211023517,1.015910072964195,0.09655511311316145,1,0
2025-12-31 03:27:36.199364,DEMO_C,135.10592522668128,138.75267878461042,113.231334676615,-0.0262824011029733,0.19318495726063276,0.28246312375515287,0.023633313937206434,0.7667349682750345,0.08808105867857534,3,0
2026-01-01 03:27:28.566312,DEMO_A,138.1495503052692,141.27498193329419,128.75353254537768,-0.022123036826865207,0.07297677643586209,-0.3168115598515641,0.026040837137301733,0.9888986343410582,0.07768078290642065,2,0
2026-01-01 03:27:32.526047,DEMO_B,67.24843531033271,68.53944596642681,76.4960792679131,-0.018836024101018953,-0.12089043054340423,-0.22322908761961174,0.024743329700215443,1.198497846441685,0.10583223087073568,1,0
2026-01-01 03:27:36.199364,DEMO_C,136.2433971314071,138.7476979864437,113.31356227471939,-0.01804931462921486,0.20235737361337405,0.19000879560319106,0.022282659798804158,0.7416494522749824,0.08040351105510816,3,0
2026-01-02 03:27:28.566312,DEMO_A,135.0740145170793,140.642248876299,128.99370792620698,-0.039591476982974064,0.047136458736038916,-0.37924205938575994,0.02680497037628061,0.8570387189478584,0.09821379046264149,2,1
2026-01-02 03:27:32.526047,DEMO_B,67.33855087843197,68.34014151739439,76.4520888341958,-0.014655963782391064,-0.11920587252401521,-0.2155852238008052,0.021904070692538042,1.0455509717212366,0.10463401062785138,1,0
2026-01-02 03:27:36.199364,DEMO_C,131.04642420534688,138.38098235882734,113.38796584833335,-0.0530026455113728,0.15573485444331292,-0.008659736561628507,0.026394869498688023,0.9720865472129719,0.11548130679839232,2,1
2026-01-05 03:27:28.566312,DEMO_A,140.5534202522564,140.40850021781125,129.26337454912922,0.0010321314893352305,0.08734141238774597,-0.4244577738357691,0.028549102826999767,0.8652289594631605,0.06163197606918667,2,1
2026-01-05 03:27:32.526047,DEMO_B,66.88321147545938,68.08767208579299,76.40593401817287,-0.017689848594264573,-0.12463328490230288,-0.2136535381864121,0.02113875429644668,1.2428275213465916,0.11068842388332381,2,0
2026-01-05 03:27:36.199364,DEMO_C,135.9234952502297,138.1825921696765,113.47798311468303,-0.016348636134085624,0.19779618494684395,-0.13770583469416522,0.02808998181040354,1.042532879543336,0.08256273970714967,2,0
2026-01-06 03:27:28.566312,DEMO_A,141.32457981180752,140.15591505354132,129.50943216565986,0.008338319205577293,0.09123001659859425,-0.3765812791419677,0.026963578056009244,0.7151247422550718,0.05648353165045514,2,1
2026-01-06 03:27:32.526047,DEMO_B,67.33180705176767,67.84446851776343,76.35937452964316,-0.0075564224644421,-0.11822474363473129,-0.22729386087727335,0.020037346015087765,1.1336863658051455,0.10472367981369919,1,0
2026-01-06 03:27:36.199364,DEMO_C,139.73687866097853,138.33057521100903,113.58691229019976,0.010166251733026689,0.23021988927711154,-0.14093129639699953,0.028294667154635706,0.9805435750212464,0.056823701563943174,2,0
2026-01-07 03:27:28.566312,DEMO_A,147.27358658732751,140.2937144865174,129.77493361265184,0.049751851865615204,0.13483846600842894,-0.24488687163112674,0.029044361966133365,1.116357993942042,0.01676654915172369,3,0
2026-01-07 03:27:32.526047,DEMO_B,68.58326918432766,67.64094464689556,76.32874464278632,0.013931274058209781,-0.10147521087510335,-0.2292675638693453,0.019986422214502225,0.8662803842058584,0.0880836331262637,1,0
2026-01-07 03:27:36.199364,DEMO_C,138.66872517021238,138.33819728167347,113.69306432618481,0.00238927422095804,0.2196762044549396,-0.08694085573587813,0.026729975055708077,0.7745891564169559,0.06403337352195652,2,0
2026-01-08 03:27:28.566312,DEMO_A,146.53352820712755,140.48819331262808,130.03488223753342,0.04303091065486756,0.12687861661193503,-0.04228968586356814,0.02648222483952454,1.196848357864196,0.021707354708609704,3,0
2026-01-08 03:27:32.526047,DEMO_B,64.80832935611731,67.21371920480526,76.28697377603454,-0.03578718566902305,-0.15046663737922755,-0.26995720640756815,0.0266162895943319,1.268504026818043,0.1382770615564033,2,0
2026-01-08 03:27:36.199364,DEMO_C,136.58687092174225,138.2967162157657,113.78041149242233,-0.012363600097024904,0.20044275750258475,-0.0012927174126275533,0.02588603595364661,1.1129616300724587,0.07808518005127872,2,0
2026-01-09 03:27:28.566312,DEMO_A,146.49768767172586,140.50559380013001,130.28822324167214,0.042646657044271334,0.1244123530642268,0.05264654237242894,0.025852237890085374,1.2175081778942392,0.02194663463734531,5,0
2026-01-09 03:27:32.526047,DEMO_B,63.62677261048458,66.65291621240006,76.24876322495373,-0.04540151840126835,-0.16553698815062734,-0.3500261059744034,0.027207637433228248,0.832991798328098,0.14336840143770702,1,1
2026-01-09 03:27:36.199364,DEMO_C,135.9358235465182,138.34203868164667,113.85410862748451,-0.017393231717986,0.1939474577178601,0.028503402869702654,0.025101779698977787,1.2547552118280825,0.08247952790958532,4,0
2026-01-12 03:27:28.566312,DEMO_A,141.4950742933369,140.4099930625112,130.5114719301442,0.00772794875321025,0.08415813721778895,0.07200353315523955,0.028304702767918705,1.2567355991975873,0.05534526998854258,4,0
2026-01-12 03:27:32.526047,DEMO_B,64.03975696796667,66.1594693109709,76.2102176369756,-0.0320394399332453,-0.15969591803270328,-0.4358026848080556,0.025959163129706416,1.248852798207198,0.10492694316667023,2,1
2026-01-12 03:27:36.199364,DEMO_C,132.20507819361308,138.15305353763978,113.91380200327161,-0.043053520654946484,0.1605712026872401,-0.03512019467653147,0.027327055557031632,1.0766909096474453,0.10766078733142749,2,0
2026-01-13 03:27:28.566312,DEMO_A,143.18391783508335,140.5940163466317,130.7526511946281,0.01842113594696882,0.09507468129232075,0.05224034701117262,0.026843084322179644,1.253191451183394,0.04407014929668954,5,0
2026-01-13 03:27:32.526047,DEMO_B,64.22894721896533,65.81618327753202,76.17959860937816,-0.024116197256131844,-0.15687469622531766,-0.4703772632561439,0.023673295079999598,1.1403504584543516,0.09042508795576697,1,1
2026-01-13 03:27:36.199364,DEMO_C,134.51427289251083,138.19354447573767,113.97075644983514,-0.02662404815785586,0.1802525233893489,-0.04329682899975467,0.02668893684055333,1.1184205850699391,0.09207451025593454,2,0
2026-01-14 03:27:28.566312,DEMO_A,142.75032083977746,140.31531596198357,130.98971295227975,0.017353806753737534,0.08978268310109333,-0.025733215478734906,0.02579364789422357,0.9588636034432111,0.046964945844061315,3,0
2026-01-14 03:27:32.526047,DEMO_B,64.03259704353216,65.5244151232752,76.1587291818664,-0.022767362012104796,-0.15922182878573435,-0.42153410979281464,0.02225243922815761,1.3322398507680016,0.07651156977956526,2,1
2026-01-14 03:27:36.199364,DEMO_C,131.30776194111715,137.95572577615812,114.03313757802358,-0.048189111380760735,0.15148775812008108,-0.08304750851241921,0.026969370991972448,0.9053136818954451,0.11371736616491447,2,0
2026-01-15 03:27:28.566312,DEMO_A,142.8415565050609,140.03597272070778,131.20188001429614,0.02003473628842982,0.08871577518170073,-0.10339192593721123,0.024000671316849215,0.7864854131781425,0.0389878610459614,3,0
2026-01-15 03:27:32.526047,DEMO_B,64.90240956061768,65.32170543800687,76.14452014808039,-0.006418936471080333,-0.14764175498906365,-0.32974757364820706,0.021965712966470142,1.0196411645087602,0.057237971439858815,1,1
2026-01-15 03:27:36.199364,DEMO_C,129.53005945355477,137.5580363462395,114.0739656948213,-0.05836065348067321,0.1354918597297012,-0.17653324322959918,0.026085853258784094,1.1636555721482706,0.1257162519852249,2,0
2026-01-16 03:27:28.566312,DEMO_A,137.63236973062874,139.669233520289,131.40279357998244,-0.014583482262501104,0.047408247427056925,-0.20395627103683298,0.026795575498157847,1.220082771614323,0.07403432684200431,3,0
2026-01-16 03:27:32.526047,DEMO_B,65.65165516598216,65.32405703523106,76.1236051152202,0.005014969149488315,-0.13756508159837888,-0.2165302391004829,0.02152152717309957,1.2473395550724011,0.04635454952093208,3,0
2026-01-16 03:27:36.199364,DEMO_C,127.38610914665568,136.77592199078757,114.10680361870561,-0.06865106597317856,0.11637610647936146,-0.3389771223202587,0.026354658593997243,0.9278116125187634,0.14018718574207434,2,0
